{
  "description": "This is a system generated manifest of files expected to be present in this zip. It can be safely deleted.",
  "metadata": {
    "generated_at": "2024-07-16T12:34:38+00:00",
    "trigger": {
      "file_hashid": "unknown",
      "action": "unknown"
    }
  },
  "manifest": [
    {
      "filename": "SampleSubmission.csv",
      "filesize": 429661,
      "description": "Is an example of what your submission file should look like. The order of the rows does not matter, but the names of the \"ID\" must be correct.",
      "created_at": "2024-07-16 11:49:09 UTC",
      "updated_at": "2024-07-16 11:51:10 UTC"
    },
    {
      "filename": "Test.csv",
      "filesize": 5802277,
      "description": "Test resembles Train.csv but without the target-related columns. This is the dataset on which you will apply your model to.",
      "created_at": "2024-07-16 11:49:09 UTC",
      "updated_at": "2024-07-16 11:51:06 UTC"
    },
    {
      "filename": "Train.csv",
      "filesize": 19531802,
      "description": "Train contains the target. This is the dataset that you will use to train your model.",
      "created_at": "2024-07-16 11:49:09 UTC",
      "updated_at": "2024-07-16 11:51:02 UTC"
    },
    {
      "filename": "variable_definitions.csv",
      "filesize": 2344,
      "description": "This file describes the variables found in train and test. ",
      "created_at": "2024-07-16 11:49:09 UTC",
      "updated_at": "2024-07-16 11:50:59 UTC"
    },
    {
      "filename": "Fighting_Fire_with_Data_Starter_Notebook.ipynb",
      "filesize": 476593,
      "description": "This is a starter notebook to help you make your first submission. ",
      "created_at": "2024-07-16 11:50:33 UTC",
      "updated_at": "2024-07-16 11:50:55 UTC"
    }
  ]
}